server, manual, manual_private_score,expected_public_score
41.37109,20.29420917,12.70468094,54441130.71
42.89254,21.44100618,15.19025459,53028355.71
43.95508,22.5005253,16.02060095,52041711.43
43.94978,21.9951812,17.00846974,52046632.86
43.9695,24.744138,19.05730193,52028321.43
39.71017,24.16450041,16.35262188,55983413.57
43.48036,22.08218142,18.16147909,52482522.86
43.48384,22.08718988,18.49802922,52479291.43
43.98283,23.8694991,17.74781602,52015943.57
